id,year,team,games,wins,loses,wins_per_loses,minutes_played,field_goals,field_goals_attemps,field_goals_percentage,3_points_field_goals,3_points_goals_attemps,3_points_goals_percentage,2_points_field_goals,2_points_goals_attemps,2_points_goals_percentage,free_throws_field_goals,free_throws_goals_attemps,free_throws_goals_percentage,offensive_rebounds,defensive_rebounds,total_rebounds,assists,steals,blocks,turnovers,personal_fouls,points,opponent_field_goals,opponent_field_goals_attemps,opponent_field_goals_percentage,opponent_3_points_field_goals,opponent_3_points_goals_attemps,opponent_3_points_goals_percentage,opponent_2_points_field_goals,opponent_2_points_goals_attemps,opponent_2_points_goals_percentage,opponent_free_throws_field_goals,opponent_free_throws_goals_attemps,opponent_free_throws_goals_percentage,opponent_offensive_rebounds,opponent_defensive_rebounds,opponent_total_rebounds,opponent_assists,opponent_steals,opponent_blocks,opponent_turnovers,opponent_personal_fouls,opponent_points
1,2016,Golden State Warriors,82,67,15,0.817,241.2,43.1,87.1,0.495,12,31.3,0.383,31.1,55.8,0.557,17.8,22.6,0.788,9.4,35,44.4,30.4,9.6,6.8,14.8,19.3,115.9,38.8,89.2,0.435,9,27.8,0.324,29.8,61.4,0.485,17.7,23.2,0.761,11.8,31.9,43.6,22.7,8.6,3.8,15.5,19.4,104.3
2,2016,Houston Rockets,82,55,27,0.671,241.2,40.3,87.2,0.462,14.4,40.3,0.357,25.9,46.9,0.552,20.3,26.5,0.766,10.9,33.5,44.4,25.2,8.2,4.3,15.1,19.9,115.3,41.2,88.9,0.463,10,29.1,0.343,31.2,59.7,0.522,17.3,22.2,0.778,10.7,33.4,44.1,24.1,8.5,5,15.1,20.4,109.6
3,2016,Denver Nuggets,82,40,42,0.488,240.9,41.2,87.7,0.469,10.6,28.8,0.368,30.6,58.9,0.519,18.7,24.2,0.774,11.8,34.6,46.4,25.3,6.9,3.9,14.9,19.1,111.7,42.1,88.4,0.477,9.9,26.3,0.375,32.3,62.1,0.519,17.1,21.9,0.782,9.4,31.4,40.8,24,8.3,4.9,12,20.2,111.2
4,2016,Cleveland Cavaliers,82,51,31,0.622,242.4,39.9,84.9,0.47,13,33.9,0.384,26.9,51,0.528,17.5,23.3,0.748,9.4,34.4,43.8,22.7,6.6,4,13.7,18.1,110.3,40.6,88.8,0.458,10.4,28.7,0.361,30.3,60.1,0.504,15.5,20,0.773,11,33.2,44.2,24.7,7.3,4.2,12.6,20.6,107.2
5,2016,Washington Wizards,82,49,33,0.598,242.1,41.3,87,0.475,9.2,24.8,0.372,32.1,62.3,0.515,17.3,22.1,0.784,10.3,32.6,42.8,23.9,8.5,4.1,14.2,21.3,109.2,39.7,85.1,0.466,9.9,27.1,0.364,29.8,58,0.514,18.2,24.2,0.751,10.6,32.5,43,22.8,7.4,4.6,15.3,19.8,107.4
6,2016,Los Angeles Clippers,82,51,31,0.622,240.9,39.5,83.2,0.475,10.3,27.4,0.375,29.3,55.8,0.525,19.3,26,0.745,9,34,43,22.5,7.5,4.3,13,19.8,108.7,38.6,85.4,0.452,9.2,26.3,0.349,29.4,59.1,0.498,18,23.4,0.772,10.2,32.9,43.1,23.1,7.1,3.2,13.2,22.4,104.4
7,2016,Boston Celtics,82,53,29,0.646,240.9,38.6,85.1,0.454,12,33.4,0.359,26.6,51.7,0.515,18.7,23.2,0.807,9.1,32.9,42,25.2,7.5,4.2,13.3,20.6,108,38.6,85.8,0.45,9,27,0.332,29.7,58.8,0.505,19.1,24.9,0.769,10.8,33.8,44.5,22.6,7.6,5.2,13.9,20.3,105.4
8,2016,Portland Trail Blazers,82,41,41,0.5,243,39.5,86.1,0.459,10.4,27.7,0.375,29.2,58.4,0.499,18.5,23.7,0.78,10.1,33.5,43.7,21.1,7,5,13.7,21.2,107.9,39.2,86.2,0.455,9.3,25.1,0.37,29.9,61.1,0.489,20.8,26.5,0.785,10.1,33.9,44,20.6,7.7,5.3,12.8,19.8,108.5
9,2016,Phoenix Suns,82,24,58,0.293,241.8,39.9,88.5,0.45,7.5,22.6,0.332,32.4,65.9,0.491,20.4,26.3,0.776,11.9,33.1,45,19.6,8.2,4.9,15.4,24.8,107.7,40.2,86.2,0.467,10.1,26.3,0.382,30.2,59.9,0.504,22.8,29.1,0.783,10.2,33.8,44,22.2,8.1,5.3,14.9,22.2,113.3
10,2016,Toronto Raptors,82,51,31,0.622,241.2,39.2,84.4,0.464,8.8,24.3,0.363,30.3,60,0.505,19.7,24.7,0.796,10.6,32.6,43.3,18.5,8.3,4.9,12.7,20.8,106.9,37.2,82.9,0.449,9.7,27.3,0.354,27.5,55.6,0.495,18.5,23.8,0.78,10.1,31.9,42.1,21.8,6.7,4.8,14.6,20.3,102.6
11,2016,Oklahoma City Thunder,82,47,35,0.573,241.5,39.5,87.4,0.452,8.4,25.8,0.327,31,61.6,0.504,19.2,25.8,0.745,12.2,34.4,46.6,21,7.9,5,15,20.9,106.6,39.2,85.3,0.459,8.8,24.8,0.356,30.4,60.5,0.502,18.6,24.3,0.764,9.2,31.5,40.7,21.4,8.5,5.5,13.8,20.7,105.8
12,2016,Brooklyn Nets,82,20,62,0.244,240.9,37.8,85.2,0.444,10.7,31.6,0.338,27.1,53.6,0.506,19.4,24.6,0.788,8.8,35.1,43.9,21.4,7.2,4.7,16.5,21,105.8,41.6,90.8,0.458,10,27.2,0.366,31.7,63.6,0.498,19.3,25,0.772,11,36.2,47.2,23,9.5,5.6,13.3,20.4,112.5
13,2016,Minnesota Timberwolves,82,31,51,0.378,241.5,39.5,84.4,0.467,7.3,21,0.349,32.1,63.4,0.507,19.3,24.2,0.799,11.4,31,42.4,23.7,8,4.5,14,20.1,105.6,39.6,83.3,0.475,9.9,27,0.366,29.7,56.3,0.528,17.6,22.9,0.768,9.8,30.6,40.4,23.1,7.7,5,14.3,20.5,106.7
14,2016,San Antonio Spurs,82,61,21,0.744,241.5,39.3,83.7,0.469,9.2,23.5,0.391,30.1,60.2,0.5,17.6,22,0.797,10,33.9,43.9,23.8,8,5.9,13.4,18.3,105.3,37,83.4,0.443,8.1,23.7,0.344,28.8,59.7,0.483,16,20.8,0.771,9.8,31.7,41.5,21.4,7.5,4,14.4,19.8,98.1
15,2016,Indiana Pacers,82,42,40,0.512,242.1,39.3,84.5,0.465,8.6,23,0.376,30.6,61.5,0.498,17.9,22.1,0.81,9,33,42,22.5,8.2,5,13.8,19.5,105.1,38,84.3,0.451,10.4,29.1,0.355,27.6,55.1,0.501,19,24.1,0.789,10.7,33.5,44.3,22.3,8,5,14.9,19.5,105.3
16,2016,Charlotte Hornets,82,36,46,0.439,241.8,37.7,85.4,0.442,10,28.6,0.351,27.7,56.7,0.488,19.4,23.8,0.815,8.8,34.8,43.6,23.1,7,4.8,11.5,16.6,104.9,39.5,86.5,0.456,11.6,31.4,0.369,27.9,55.1,0.507,14.2,18.2,0.776,8.9,35.5,44.4,24.5,6.6,5.5,13.1,19.9,104.7
17,2016,Los Angeles Lakers,82,26,56,0.317,240.3,39.3,87.4,0.45,8.9,25.7,0.346,30.4,61.6,0.493,17,22.6,0.754,11.4,32.1,43.5,20.9,8.2,3.9,15.2,20.7,104.6,41.5,86,0.483,10.1,27.4,0.37,31.4,58.6,0.536,18.3,24,0.762,10.3,34.2,44.4,25.7,8.5,5.4,14.5,18.5,111.5
18,2016,New Orleans Pelicans,82,34,48,0.415,242.7,39.1,87,0.45,9.4,26.8,0.35,29.8,60.2,0.495,16.7,22.3,0.75,8.6,35.1,43.7,22.8,7.8,5.5,12.9,18.2,104.3,40.1,89,0.45,10.5,29.8,0.353,29.5,59.2,0.499,15.8,20.7,0.762,10.6,37.7,48.3,23.4,7.4,4.3,14,19.3,106.4
19,2016,New York Knicks,82,31,51,0.378,242.1,39.6,88.5,0.447,8.6,24.7,0.348,31,63.8,0.485,16.6,21.1,0.788,12,33.2,45.2,21.8,7.1,5.6,13.9,20.3,104.3,39.7,87.4,0.455,9.8,28.2,0.348,29.9,59.1,0.506,18.7,24.2,0.771,11.6,33.1,44.7,21.8,7.5,4.6,12.9,18.5,108
20,2016,Milwaukee Bucks,82,42,40,0.512,241.2,38.8,81.9,0.474,8.8,23.7,0.37,30,58.2,0.516,17.2,22.4,0.768,8.8,31.6,40.4,24.2,8.1,5.3,14,20.2,103.6,38,83,0.458,10,28.2,0.353,28,54.8,0.512,17.9,23.2,0.771,10.3,32.1,42.5,24.1,7.4,4.6,14.7,19.3,103.8
21,2016,Miami Heat,82,41,41,0.5,241.2,39,85.8,0.455,9.9,27,0.365,29.2,58.8,0.496,15.2,21.6,0.706,10.6,33,43.6,21.2,7.1,5.7,13.4,20.5,103.2,37.9,84.2,0.45,7.8,22.7,0.343,30.1,61.5,0.49,18.5,23.7,0.782,10.2,33.4,43.6,19.6,6.8,4.9,13.6,18.7,102.1
22,2016,Atlanta Hawks,82,43,39,0.524,242.4,38.1,84.4,0.451,8.9,26.1,0.341,29.2,58.3,0.501,18.1,24.9,0.728,10.3,34.1,44.4,23.6,8.2,4.8,15.8,18.2,103.2,38.8,87.3,0.444,10.9,30.5,0.357,27.9,56.7,0.491,15.6,20.2,0.772,10.7,33.2,43.9,23.4,9,5.2,15.4,21.6,104
23,2016,Chicago Bulls,82,41,41,0.5,241.2,38.6,87.1,0.444,7.6,22.3,0.34,31,64.8,0.479,18,22.5,0.798,12.2,34.1,46.3,22.6,7.9,4.8,13.5,17.7,102.9,39.5,86.6,0.456,8.9,25.9,0.344,30.5,60.7,0.503,14.6,19,0.77,10.3,32.9,43.2,23.6,7.3,4.6,13.4,18.8,102.4
24,2016,Sacramento Kings,82,32,50,0.39,242.4,37.9,82.1,0.461,9,23.9,0.376,28.9,58.2,0.496,18.1,23.3,0.775,8.7,32.5,41.2,22.5,7.6,4,14.6,20.3,102.8,38.5,83.2,0.462,10.9,30,0.364,27.5,53.2,0.517,18.9,24.2,0.778,10.1,32.8,42.9,23.7,8.5,5.1,14,20.1,106.7
25,2016,Philadelphia 76ers,82,28,54,0.341,241.8,37.7,85.3,0.442,10.1,29.8,0.34,27.5,55.5,0.496,17,22,0.771,9.8,33,42.8,23.8,8.4,5.1,16.7,21.9,102.4,39.6,85.9,0.461,8.9,24.9,0.357,30.7,61,0.503,20.1,26,0.773,10.8,34.2,45,22.7,8.6,5.4,15.1,19.6,108.1
26,2016,Detroit Pistons,82,37,45,0.451,241.5,39.9,88.8,0.449,7.7,23.4,0.33,32.2,65.5,0.492,13.9,19.3,0.719,11.1,34.6,45.7,21.1,7,3.8,11.9,17.9,101.3,38.3,83.3,0.46,9.4,25.6,0.366,29,57.7,0.502,16.4,21,0.78,8,34.9,42.9,23.5,6.7,4.1,12.8,17.5,102.5
27,2016,Orlando Magic,82,29,53,0.354,241.5,38.3,87,0.44,8.5,26.1,0.328,29.7,60.9,0.488,16,21.4,0.747,9.8,33.3,43.2,22.2,7.1,4.8,13.3,19.3,101.1,40.3,86.4,0.467,9.7,26.4,0.367,30.6,60,0.51,17.4,22.7,0.766,9.8,35.8,45.5,23.6,7.6,5.1,13,18.7,107.6
28,2016,Utah Jazz,82,51,31,0.622,240.9,37,79.4,0.466,9.6,25.9,0.372,27.3,53.5,0.511,17.1,22.9,0.747,9.4,33.8,43.2,20.1,6.7,5,13.6,18.8,100.7,36.3,82,0.443,8.2,22.9,0.358,28.1,59.1,0.476,16,20.7,0.769,9,31.1,40.2,17.8,7.3,3.8,12.1,20.2,96.8
29,2016,Memphis Grizzlies,82,43,39,0.524,242.7,36.4,83.6,0.435,9.4,26.5,0.354,27,57.1,0.473,18.3,23.4,0.784,10.8,32,42.8,21.3,8,4.2,12.9,22.4,100.5,34.9,78.8,0.443,9.9,28,0.354,25,50.8,0.492,20.2,26.9,0.753,9.3,32.9,42.1,20.1,7,5,14.3,20.8,100
30,2016,Dallas Mavericks,82,33,49,0.402,241.2,36.2,82.3,0.44,10.7,30.2,0.355,25.5,52.2,0.489,14.8,18.5,0.801,7.9,30.7,38.6,20.8,7.5,3.8,11.9,19.1,97.9,37,79,0.469,9.6,25.3,0.38,27.4,53.7,0.51,17.2,22.3,0.772,8.9,35.6,44.5,21.3,6.5,3.4,15,19.4,100.8
31,2015,Golden State Warriors,82,73,9,0.89,242.4,42.5,87.3,0.487,13.1,31.6,0.416,29.4,55.7,0.528,16.7,21.8,0.763,10,36.2,46.2,28.9,8.4,6.1,15.2,20.7,114.9,38.9,89.4,0.435,7.8,23.5,0.332,31.1,65.9,0.472,18.6,24.5,0.757,11.4,32.5,43.9,22.2,8.7,4.1,14.5,19.8,104.1
32,2015,Oklahoma City Thunder,82,55,27,0.671,241.8,41.1,86.4,0.476,8.3,23.7,0.349,32.9,62.6,0.524,19.7,25.2,0.782,13.1,35.6,48.6,23,7.4,5.9,15.9,20.6,110.2,38.4,87.7,0.438,8.1,23.8,0.342,30.3,63.9,0.474,18,23.8,0.756,11.3,28.9,40.2,21.5,8.8,4.5,13,20.2,102.9
33,2015,Sacramento Kings,82,33,49,0.402,241.5,40,86.4,0.464,8,22.4,0.359,32,64,0.5,18.5,25.5,0.725,10.6,33.7,44.2,24.5,8.9,4.5,16.2,20.4,106.6,40.6,87.7,0.462,10.2,28,0.366,30.3,59.8,0.508,17.7,23.2,0.762,11.3,33.7,45,24.2,8.8,5.3,16,22,109.1
34,2015,Houston Rockets,82,41,41,0.5,241.8,37.7,83.5,0.452,10.7,30.9,0.347,27,52.6,0.514,20.4,29.4,0.694,11.3,31.7,43.1,22.2,10,5.2,15.9,21.8,106.5,39,85.1,0.459,9.7,26.9,0.361,29.3,58.2,0.504,18.6,24.6,0.756,11.8,32.8,44.6,24.6,9,4.9,16.6,22.5,106.4
35,2015,Boston Celtics,82,48,34,0.585,241.2,39.2,89.2,0.439,8.7,26.1,0.335,30.5,63.1,0.483,18.5,23.5,0.788,11.6,33.3,44.9,24.2,9.2,4.2,13.7,21.9,105.7,37.5,85,0.441,7.8,23.3,0.336,29.7,61.7,0.481,19.7,26,0.755,11.4,34.6,46,20.9,7.6,5.5,16.4,21,102.5
36,2015,Portland Trail Blazers,82,44,38,0.537,241.5,38.6,85.9,0.45,10.5,28.5,0.37,28.1,57.4,0.49,17.4,23,0.754,11.6,33.9,45.5,21.3,6.9,4.6,14.6,21.7,105.1,38.4,84.7,0.453,8.5,23,0.371,29.8,61.7,0.484,19,26,0.734,10.6,33.1,43.7,21.6,7.7,5.2,13.3,19.5,104.3
37,2015,Los Angeles Clippers,82,53,29,0.646,241.8,38.3,82.4,0.465,9.7,26.7,0.364,28.6,55.7,0.513,18.2,26.2,0.692,8.8,33.3,42,22.8,8.6,5.6,13,21.3,104.5,36.8,84.7,0.434,7.9,23.3,0.338,28.9,61.4,0.471,18.8,25.1,0.751,11.8,34.9,46.7,21.2,7.1,3.2,15.4,22.5,100.2
38,2015,Cleveland Cavaliers,82,57,25,0.695,242.1,38.7,84,0.46,10.7,29.6,0.362,27.9,54.4,0.514,16.3,21.7,0.748,10.6,33.9,44.5,22.7,6.7,3.9,13.6,20.3,104.3,36.8,82.1,0.448,7.9,22.7,0.347,28.9,59.4,0.487,16.8,22.6,0.743,9.3,31.8,41,21.4,7.2,4.4,13.3,20.6,98.3
39,2015,Washington Wizards,82,41,41,0.5,240.9,39.5,85.8,0.46,8.6,24.2,0.358,30.8,61.6,0.501,16.5,22.5,0.73,9.1,32.8,41.8,24.5,8.6,3.9,14.5,20.8,104.1,38.7,83.8,0.462,9,24.2,0.371,29.7,59.5,0.498,18.3,23.7,0.769,9.4,34.9,44.3,22.5,8.1,4.3,16.2,20.1,104.6
40,2015,San Antonio Spurs,82,67,15,0.817,240.3,40.1,82.9,0.484,7,18.5,0.375,33.2,64.4,0.515,16.4,20.4,0.803,9.4,34.5,43.9,24.5,8.3,5.9,13.1,17.5,103.5,35.7,81.8,0.436,6.6,19.9,0.331,29.1,61.9,0.47,14.9,19.6,0.758,9.1,31.4,40.5,20.8,7.2,3.9,14.8,19.5,92.9
41,2015,Charlotte Hornets,82,48,34,0.585,242.1,37,84.4,0.439,10.6,29.4,0.362,26.4,55,0.479,18.7,23.7,0.79,9,35,43.9,21.7,7.3,5.3,12.6,18.1,103.4,37.8,85,0.444,8.9,25.4,0.349,28.9,59.6,0.485,16.3,21.2,0.769,8.9,35.8,44.7,23.2,6.7,5.5,13.5,20.4,100.7
42,2015,Atlanta Hawks,82,48,34,0.585,241.8,38.6,84.4,0.458,9.9,28.4,0.35,28.7,56.1,0.512,15.6,20,0.783,8.3,33.8,42.1,25.6,9.1,5.9,15,19.1,102.8,37.1,86.1,0.432,8.3,24.5,0.338,28.9,61.6,0.469,16.7,22.1,0.755,11.5,35,46.5,22,8.6,5,16.1,18.3,99.2
43,2015,New Orleans Pelicans,82,30,52,0.366,241.2,38.5,85.9,0.448,8.6,23.8,0.36,29.9,62.1,0.482,17.3,22.2,0.776,9.5,33.1,42.6,22.2,7.7,4.2,13.4,20.9,102.7,39.2,83.9,0.468,9.2,24.9,0.369,30,59,0.51,18.8,24,0.783,8.9,35.5,44.4,23.2,7.3,5.2,13.7,19.9,106.5
44,2015,Toronto Raptors,82,56,26,0.683,241.2,36.7,81.3,0.451,8.6,23.4,0.37,28,58,0.483,20.8,26.7,0.777,10.2,33.2,43.4,18.7,7.8,5.5,13.1,19.6,102.7,36.5,82.1,0.444,8.7,23.4,0.373,27.7,58.7,0.473,16.5,22.1,0.748,9.5,31.2,40.8,21.7,6.5,5.4,13.3,22,98.2
45,2015,Minnesota Timberwolves,82,29,53,0.354,242.4,37.7,81.3,0.464,5.5,16.4,0.338,32.2,64.9,0.496,21.4,27,0.792,10,31.5,41.6,23.4,8,4.6,15,20.7,102.4,40,84.9,0.471,9,25.5,0.355,30.9,59.4,0.52,17,22.5,0.757,10.7,31.2,41.9,22.6,7.8,5.2,14.9,21.6,106
46,2015,Dallas Mavericks,82,42,40,0.512,244,37.4,84.1,0.444,9.8,28.6,0.344,27.5,55.6,0.495,17.7,22.3,0.794,9.2,33.9,43.1,22.1,6.8,3.7,12.8,19.5,102.3,38.3,85,0.451,9.1,26.5,0.342,29.3,58.5,0.5,16.9,22.8,0.738,10.6,35.2,45.8,22,7.5,4.4,13.9,21.4,102.6
47,2015,Indiana Pacers,82,45,37,0.549,242.4,38.3,85.2,0.45,8.1,23,0.351,30.2,62.1,0.486,17.4,22.8,0.764,10.3,33.9,44.2,21.2,9,4.8,14.9,20,102.2,37.4,84.9,0.44,8.3,24.8,0.334,29.1,60.1,0.484,17.4,23.2,0.751,10.7,33.8,44.5,20.8,7.7,4.5,15.8,20.4,100.5
48,2015,Orlando Magic,82,35,47,0.427,242.7,39.5,86.8,0.455,7.8,22.2,0.35,31.8,64.7,0.492,15.2,20.1,0.757,10.3,33,43.3,23.6,8.2,5.1,14.1,20.7,102.1,38.4,83.5,0.46,8.9,24.9,0.359,29.5,58.6,0.503,17.9,24,0.746,10.1,34.1,44.3,23.2,7.6,5.5,15.1,18.3,103.7
49,2015,Detroit Pistons,82,44,38,0.537,242.4,37.9,86.4,0.439,9,26.2,0.345,28.9,60.2,0.48,17.1,25.5,0.668,12.5,33.9,46.3,19.4,7,3.7,13.5,19,102,38.8,84.2,0.461,7.3,20.5,0.355,31.5,63.7,0.495,16.5,21,0.783,8.8,33.7,42.5,21.5,7.1,4.5,13.4,21.6,101.4
50,2015,Denver Nuggets,82,33,49,0.402,241.8,37.7,85.4,0.442,8,23.7,0.338,29.7,61.7,0.482,18.5,24.1,0.766,11.5,33.1,44.6,22.7,7.4,4.8,14.7,21,101.9,38.8,84.2,0.461,9.2,24.8,0.371,29.6,59.4,0.498,18.2,23.9,0.761,9.7,32.9,42.7,23.5,8,6.3,13.7,20.9,105
51,2015,Chicago Bulls,82,42,40,0.512,242.7,38.6,87.4,0.441,7.9,21.4,0.371,30.7,66.1,0.464,16.5,21,0.787,11.1,35.2,46.3,22.8,6,5.7,13.9,18.8,101.6,39.4,89.4,0.441,7.9,23,0.345,31.5,66.4,0.474,16.3,22.1,0.737,11.8,34.1,45.9,22.5,8,5.7,11.9,18.7,103.1
52,2015,Phoenix Suns,82,23,59,0.28,240.3,37.2,85.6,0.435,9,25.8,0.348,28.2,59.8,0.472,17.5,23.2,0.751,11.5,33.3,44.8,20.7,7.7,3.8,17.2,22.7,100.9,39.1,83.8,0.467,9.4,24.9,0.377,29.7,58.9,0.505,19.9,26.5,0.749,9.9,33.8,43.7,22.4,9.5,5.5,14.9,21.6,107.5
53,2015,Miami Heat,82,48,34,0.585,241.8,38.4,81.7,0.47,6.1,18,0.336,32.3,63.6,0.508,17.1,23,0.744,9.8,34.3,44.1,20.8,6.7,6.5,14.1,18.3,100,37.2,84.3,0.442,7.4,21.2,0.347,29.9,63.1,0.474,16.5,21.5,0.77,9.8,31.5,41.3,20.2,7.5,4.1,12.9,19.6,98.4
54,2015,Memphis Grizzlies,82,42,40,0.512,241.8,36.8,83.6,0.44,6.1,18.5,0.331,30.7,65.1,0.471,19.3,24.7,0.783,11.2,30.5,41.6,20.7,8.8,4.3,13.3,21.7,99.1,35.9,78.8,0.456,9.7,26.6,0.365,26.2,52.1,0.503,19.7,25.7,0.768,10.1,33.1,43.2,21.9,7,5.7,16.2,21.1,101.3
55,2015,Milwaukee Bucks,82,33,49,0.402,241.8,38.4,82.2,0.467,5.4,15.6,0.345,33,66.6,0.495,17,22.7,0.747,10.5,31.2,41.7,23.1,8.2,5.8,15.2,20.7,99,37.8,83.1,0.454,9.3,26.5,0.352,28.4,56.7,0.502,18.4,23.9,0.768,11.5,31.5,43,24.5,8.3,5.6,15.5,19.5,103.2
56,2015,Brooklyn Nets,82,21,61,0.256,240.9,38.2,84.4,0.453,6.5,18.4,0.352,31.8,66,0.481,15.7,20.7,0.757,10.5,31.9,42.4,22.3,7.6,4,14.8,18,98.6,40.8,85.2,0.479,9.5,25.6,0.369,31.3,59.6,0.526,15,19.6,0.763,10.2,33.2,43.4,24.5,8.8,5.2,14.2,18.4,106
57,2015,New York Knicks,82,32,50,0.39,241.5,36.9,84,0.439,7.4,21.5,0.346,29.4,62.5,0.471,17.2,21.4,0.805,10.4,34,44.4,20.5,5.7,5.7,13.4,19.7,98.4,38,85.8,0.443,7.6,22.4,0.341,30.3,63.4,0.479,17.5,23.2,0.754,10.9,33.3,44.2,20.8,7.2,4.2,11.3,18.5,101.1
58,2015,Utah Jazz,82,40,42,0.488,243.4,36.1,80.4,0.449,8.5,23.9,0.355,27.6,56.5,0.488,17.1,23,0.744,10.7,32.5,43.2,19,7.7,5.2,14.9,20.2,97.7,35.6,79.9,0.446,7.9,22.2,0.357,27.7,57.7,0.48,16.8,22.5,0.746,9.3,30.8,40.1,19.1,8,4.7,14,19.9,95.9
59,2015,Philadelphia 76ers,82,10,72,0.122,241.5,36.2,84,0.431,9.3,27.5,0.339,26.9,56.5,0.476,15.7,22.6,0.694,9.5,31.8,41.2,21.5,8.3,6,16.4,21.7,97.4,39.7,85.4,0.464,7.8,21.7,0.359,31.9,63.8,0.5,20.5,26.1,0.786,11.1,36.4,47.6,23.4,8.7,5.7,15.1,19.2,107.6
60,2015,Los Angeles Lakers,82,17,65,0.207,240.6,35.1,84.8,0.414,7.8,24.6,0.317,27.3,60.2,0.454,19.3,24.7,0.781,10.7,32.3,43,18,7.2,4.1,13.7,20.3,97.3,40.5,85.6,0.473,8.5,24.6,0.347,32,61.1,0.524,17.3,23.7,0.731,10.9,35.5,46.5,24.7,7.5,5.6,12.6,19.2,106.9
61,2014,Golden State Warriors,82,67,15,0.817,240.6,41.6,87,0.478,10.8,27,0.398,30.8,60,0.514,16,20.8,0.768,10.4,34.3,44.7,27.4,9.3,6,14.5,19.9,110,37,86.4,0.428,7.2,21.4,0.337,29.7,65,0.458,18.7,24.5,0.763,11.7,32.8,44.5,21,8.3,3.6,16.2,18.8,99.9
62,2014,Los Angeles Clippers,82,56,26,0.683,240.6,39.4,83.3,0.473,10.1,26.9,0.376,29.3,56.4,0.519,17.9,25.2,0.71,9.6,33.1,42.6,24.8,7.8,5,12.3,21.3,106.7,36.4,82.3,0.442,8.3,23.9,0.349,28.1,58.4,0.481,19,25.7,0.741,10.6,32.3,42.9,23.2,6.7,3,14.3,21.5,100.1
63,2014,Dallas Mavericks,82,50,32,0.61,242.4,39.7,85.8,0.463,8.9,25.4,0.352,30.8,60.4,0.509,16.9,22.5,0.752,10.5,31.8,42.3,22.5,8.1,4.5,13,20,105.2,38,84.5,0.45,9,24.8,0.364,29,59.7,0.485,17.3,22.9,0.753,12.3,33.9,46.1,22.3,7.3,3.8,16.3,22.1,102.3
64,2014,Toronto Raptors,82,49,33,0.598,242.1,37.9,83.3,0.455,8.9,25.1,0.352,29,58.2,0.499,19.3,24.6,0.787,10.7,30.8,41.5,20.7,7.5,4.4,12.9,20.9,104,38,82.8,0.459,7.7,22.3,0.346,30.3,60.5,0.501,17.2,23.5,0.733,11.2,31.2,42.5,22.8,6.9,5,14.4,20.3,100.9
65,2014,Oklahoma City Thunder,82,45,37,0.549,241.8,38.8,86.8,0.447,7.7,22.7,0.339,31.1,64.1,0.486,18.6,24.6,0.754,12.8,34.7,47.5,20.5,7.3,5.5,14.7,22.3,104,37.6,85.5,0.44,8.3,24.2,0.343,29.3,61.3,0.479,18.2,24.5,0.745,11.2,31.5,42.7,22.1,7.8,4.6,13.6,20.4,101.8
66,2014,Houston Rockets,82,56,26,0.683,241.5,37,83.3,0.444,11.4,32.7,0.348,25.6,50.6,0.506,18.6,26,0.715,11.7,32,43.7,22.2,9.5,5,16.7,22,103.9,37.7,85.2,0.443,7.4,22.9,0.322,30.3,62.2,0.487,17.7,23.6,0.751,11.9,32,43.8,21.4,8.9,5.3,16.4,21.1,100.5
67,2014,San Antonio Spurs,82,55,27,0.671,243.4,39.1,83.6,0.468,8.3,22.5,0.367,30.9,61.1,0.505,16.7,21.4,0.78,9.8,33.8,43.6,24.4,8,5.4,14,19.1,103.2,37.1,83.7,0.444,6.8,18.9,0.36,30.3,64.8,0.468,15.9,21.4,0.745,9.9,32.2,42.1,20.7,7.9,4.4,14.2,19.7,97
68,2014,Cleveland Cavaliers,82,53,29,0.646,241.2,37.7,82.2,0.458,10.1,27.5,0.367,27.6,54.7,0.504,17.7,23.6,0.751,11.1,31.9,43,22.1,7.4,4.1,14.3,18.4,103.1,38.1,83.5,0.456,7.7,22.5,0.343,30.3,61,0.497,14.8,19.9,0.745,10.8,30.3,41.1,24.1,7.8,4.5,13.3,20.5,98.7
69,2014,Portland Trail Blazers,82,51,31,0.622,242.1,38.7,86,0.45,9.8,27.2,0.362,28.9,58.8,0.491,15.5,19.4,0.801,10.7,35.1,45.9,21.9,6.4,4.5,13.6,18.2,102.8,38.2,86.9,0.439,6.4,18.9,0.338,31.8,67.9,0.468,15.8,20.9,0.758,11,33.6,44.6,20.4,8,3.6,12.2,18.7,98.6
70,2014,Atlanta Hawks,82,60,22,0.732,240.6,38.1,81.7,0.466,10,26.2,0.38,28.1,55.5,0.506,16.5,21.2,0.778,8.7,31.8,40.6,25.7,9.1,4.6,14.2,17.8,102.5,36.5,83.1,0.439,8.8,25.8,0.341,27.7,57.4,0.483,15.4,20.1,0.764,11.6,32.1,43.6,23.5,7.4,4.9,16.1,19.6,97.1
71,2014,Phoenix Suns,82,39,43,0.476,242.4,38.8,85.8,0.452,8.5,25,0.341,30.2,60.9,0.497,16.4,21.5,0.76,10.9,32.2,43.2,20.2,8.5,4.7,15.1,21.3,102.4,38.4,85,0.452,7.7,21.9,0.352,30.7,63.1,0.486,18.8,24.8,0.759,11.6,33.7,45.3,21.1,7.9,4.1,15.6,20.3,103.3
72,2014,Denver Nuggets,82,30,52,0.366,242.4,37.8,87.3,0.433,8,24.8,0.325,29.7,62.5,0.476,17.8,24.3,0.734,12.3,32.4,44.7,21.8,7.8,4.5,14.2,23,101.5,38.6,84.3,0.458,7.7,22.2,0.346,30.9,62,0.498,20.1,26.9,0.748,11,34.1,45.1,23.1,7.5,6.1,14.4,20.7,105
73,2014,Boston Celtics,82,40,42,0.488,242.4,38.9,87.9,0.443,8,24.6,0.327,30.9,63.3,0.488,15.4,20.5,0.754,11.1,32.7,43.8,24.5,8.2,3.6,13.8,21.2,101.4,38.1,84.7,0.45,7.4,22,0.336,30.7,62.7,0.49,17.6,23.3,0.755,10.9,33.8,44.7,21.9,7.1,5.3,15.1,18.8,101.2
74,2014,Sacramento Kings,82,29,53,0.354,242.1,36.7,80.7,0.455,5.6,16.5,0.341,31.1,64.2,0.484,22.3,29.3,0.762,10.9,33.3,44.2,20.3,6.7,4,16.3,20.7,101.3,39.5,86.5,0.456,8.8,25.1,0.349,30.7,61.5,0.5,17.3,23.1,0.748,11,30.2,41.2,23.3,8.7,6.2,12.9,23.9,105
75,2014,Chicago Bulls,82,50,32,0.61,242.4,36.6,82.9,0.442,7.9,22.3,0.353,28.7,60.6,0.474,19.7,25.2,0.783,11.7,34,45.7,21.7,6.3,5.8,14,18.2,100.8,37.7,86.7,0.435,6.6,19.6,0.335,31.2,67.1,0.465,15.7,21,0.749,11.7,31.7,43.4,20.2,7.5,5.4,12.2,21.2,97.8
76,2014,New Orleans Pelicans,82,45,37,0.549,241.2,37.9,82.9,0.457,7.1,19.3,0.37,30.8,63.6,0.484,16.4,21.8,0.751,11.5,32,43.5,22,6.7,6.2,13.3,18.7,99.4,37.9,83.1,0.456,6.5,19.6,0.335,31.4,63.5,0.494,16.2,21.4,0.759,10.6,30.9,41.5,20.7,6.8,5.8,12.2,18.7,98.6
77,2014,Washington Wizards,82,46,36,0.561,243.4,38.3,82.8,0.462,6.1,16.8,0.36,32.2,66,0.488,15.9,21.4,0.742,10.5,34.2,44.7,24,7.3,4.6,15,20.8,98.5,36.2,83.5,0.433,8,23,0.349,28.1,60.5,0.465,17.5,23.7,0.738,10,31.7,41.7,19.9,8,4.3,14,19.6,97.8
78,2014,Detroit Pistons,82,32,50,0.39,241.8,37.1,85.8,0.432,8.6,24.9,0.344,28.5,60.9,0.468,15.8,22.4,0.703,12.8,32.1,44.9,21.6,7.6,4.7,13.4,19,98.5,37.9,83.1,0.456,7.7,21.8,0.355,30.1,61.3,0.491,16,20.7,0.772,10.7,33.4,44.1,23.8,7,4.8,14,19.3,99.5
79,2014,Los Angeles Lakers,82,21,61,0.256,243,37.2,85.6,0.435,6.5,18.9,0.344,30.8,66.8,0.461,17.5,23.6,0.741,11.6,32.3,43.9,20.9,7,4.5,13.2,21.2,98.5,38.8,83.1,0.466,8.5,23.4,0.363,30.3,59.7,0.507,19.2,25.8,0.745,10,34.1,44.2,24,7.5,4.8,13,19.4,105.3
80,2014,Memphis Grizzlies,82,55,27,0.671,242.7,37.8,82.5,0.458,5.2,15.2,0.339,32.6,67.3,0.485,17.6,22.8,0.773,10.4,32.1,42.6,21.7,8.5,4.2,13.3,19.1,98.3,36,81.5,0.442,8.1,23,0.351,27.9,58.5,0.478,14.9,20.1,0.742,10.5,31.9,42.4,20.1,7.4,5.2,15.3,20.3,95.1
81,2014,Brooklyn Nets,82,38,44,0.463,243,37.4,83,0.451,6.6,19.9,0.331,30.8,63.1,0.489,16.6,22.2,0.748,10.3,32,42.4,20.9,7,4.1,13.8,19.3,98,38.4,84.3,0.456,8.5,23.7,0.358,29.9,60.6,0.494,15.6,21.3,0.731,11.4,32.9,44.3,23.7,7.8,4.5,13.9,20,100.9
82,2014,Milwaukee Bucks,82,41,41,0.5,243,37.6,82,0.459,6.6,18.3,0.363,31,63.7,0.486,16,21.1,0.757,10.7,31.4,42.1,23.6,9.6,4.9,16.7,22.1,97.8,35.6,81.5,0.437,8.2,24.1,0.342,27.3,57.4,0.476,18,24.3,0.742,11.4,31.4,42.9,22.3,8.6,4.8,17.4,20.1,97.4
83,2014,Minnesota Timberwolves,82,16,66,0.195,241.5,36.4,83.2,0.438,5,14.9,0.332,31.5,68.3,0.461,20,25.7,0.776,11.6,29.3,40.9,21.6,8.1,4,15,19.2,97.8,41.1,84.5,0.487,8.5,23.1,0.367,32.6,61.4,0.531,15.8,20.8,0.759,11.6,31.9,43.6,23.6,8.4,5.5,15.2,21.4,106.5
84,2014,Indiana Pacers,82,38,44,0.463,242.1,36.6,83.2,0.439,7.5,21.2,0.352,29.1,62,0.469,16.7,22.2,0.756,10.4,34.4,44.9,21.4,6.2,4.6,14,21.2,97.3,36,82.7,0.435,7.2,20.9,0.345,28.8,61.8,0.465,17.9,23.8,0.753,9.8,33,42.7,19.9,7.5,4.7,12.7,21.4,97
85,2014,Orlando Magic,82,25,57,0.305,240.9,37.5,82.8,0.453,6.8,19.5,0.347,30.8,63.3,0.486,13.9,19.1,0.729,10,31.8,41.8,20.6,7.9,3.8,14.9,20.9,95.7,38,82,0.463,8.3,22.6,0.368,29.6,59.4,0.499,17.2,22.9,0.751,10.1,33.4,43.5,23.4,7.7,5.4,14.5,17.9,101.4
86,2014,Utah Jazz,82,38,44,0.463,240.3,35.4,79.2,0.447,7.4,21.7,0.343,27.9,57.5,0.486,17,23.5,0.721,12,31.9,44,19.9,7.6,6,15.3,19.3,95.1,35.8,80.3,0.446,7.4,20.4,0.362,28.4,60,0.474,16,21.5,0.744,9.9,29.3,39.2,19.4,8.2,4.7,13.1,19.6,94.9
87,2014,Miami Heat,82,37,45,0.451,240.6,35.2,77.2,0.456,6.8,20.2,0.335,28.4,57,0.499,17.5,23.7,0.741,9.1,30,39.1,19.8,7.8,4.5,14.8,20,94.7,36.1,79.5,0.454,8.1,23,0.353,28,56.5,0.495,17,23.2,0.73,10.9,30.1,41,21.3,7.9,4.4,14.8,20.9,97.3
88,2014,Charlotte Hornets,82,33,49,0.402,242.7,35.5,84.5,0.42,6.1,19.1,0.318,29.5,65.4,0.45,17,22.8,0.748,10,34.1,44.1,20.2,6.1,5.5,11.9,18.2,94.2,36.8,83.7,0.44,7.9,22.1,0.357,28.9,61.5,0.47,15.8,20.4,0.772,8.9,35.2,44.1,22.1,6.1,5.4,12.6,20.8,97.3
89,2014,Philadelphia 76ers,82,18,64,0.22,241.5,33.7,82.6,0.408,8.4,26.3,0.32,25.3,56.3,0.449,16.1,23.8,0.676,11.9,30.9,42.9,20.5,9.6,5.9,17.7,21.7,92,37.1,82.7,0.449,8,22.9,0.35,29.1,59.8,0.487,18.7,24.7,0.756,11.5,34.8,46.3,23.7,9.5,5.5,16.8,20.2,101
90,2014,New York Knicks,82,17,65,0.207,242.1,35.1,82,0.428,6.8,19.7,0.347,28.3,62.3,0.454,14.8,19.2,0.769,10.6,29.8,40.4,21.3,7,4.7,14.7,21.6,91.9,37,80.4,0.46,8.5,22.3,0.38,28.5,58.1,0.49,18.8,24.8,0.759,11,32.5,43.5,21.7,8,4.3,14.1,19.1,101.2
91,2013,Los Angeles Clippers,82,57,25,0.695,240.9,39.1,82.5,0.474,8.5,24,0.352,30.7,58.5,0.525,21.2,29.1,0.73,10.5,32.5,43,24.6,8.6,4.8,13.9,21.5,107.9,37.4,84.9,0.441,7.3,21.8,0.332,30.2,63,0.479,18.9,25,0.755,12.3,31.4,43.7,23.3,7,3.5,15.4,23.4,101
92,2013,Houston Rockets,82,54,28,0.659,241.8,38,80.5,0.472,9.5,26.6,0.358,28.5,54,0.529,22.1,31.1,0.712,11.2,34.1,45.3,21.4,7.6,5.6,16.1,20.4,107.7,39,88,0.443,8.1,23,0.353,30.9,65,0.475,17,22.5,0.757,11.9,29.7,41.7,22.2,8.6,5.6,14,24.3,103.1
93,2013,Minnesota Timberwolves,82,40,42,0.488,242.1,38.9,87.5,0.444,7.3,21.4,0.341,31.6,66.1,0.478,21.8,28.1,0.778,12.5,32.2,44.7,23.9,8.8,3.6,13.9,18.3,106.9,40.5,86,0.471,8.1,22.2,0.364,32.4,63.8,0.508,15.2,20.1,0.756,11.1,33.1,44.2,22.9,7.9,5.6,16.4,23.6,104.3
94,2013,Portland Trail Blazers,82,54,28,0.659,242.1,39.1,87,0.45,9.4,25.3,0.372,29.7,61.7,0.481,19.1,23.5,0.815,12.5,34,46.4,23.2,5.5,4.7,13.7,19.2,106.7,39.6,87.8,0.451,6.5,18.3,0.355,33.1,69.5,0.476,17,22.2,0.766,11.5,32,43.5,20.4,7.8,3.7,12,20.7,102.8
95,2013,Oklahoma City Thunder,82,59,23,0.72,241.5,39,82.7,0.471,8.1,22.4,0.361,30.9,60.3,0.512,20.2,25,0.806,10.8,33.9,44.7,21.9,8.3,6.1,15.3,22.7,106.2,36.4,83.4,0.436,8.6,24,0.358,27.8,59.4,0.468,18.4,25.4,0.727,11,30,40.9,21.8,8.2,3.6,15.2,20.4,99.8
96,2013,San Antonio Spurs,82,62,20,0.756,240.9,40.6,83.5,0.486,8.5,21.4,0.397,32,62,0.517,15.7,20,0.785,9.3,34,43.3,25.2,7.4,5.1,14.4,18.2,105.4,37.8,85.1,0.444,6.5,18.3,0.353,31.3,66.8,0.469,15.7,20.6,0.76,10.5,31.7,42.2,20.4,7.7,4.6,13.9,19.3,97.6
97,2013,Phoenix Suns,82,48,34,0.585,240.9,38.7,83.5,0.463,9.3,25.1,0.372,29.4,58.4,0.503,18.5,24.4,0.758,11.3,31.7,43,19.1,8.4,4.6,15.3,21.9,105.2,38,83.4,0.456,6.8,19.9,0.341,31.2,63.5,0.492,19.8,25.8,0.766,11.3,31.5,42.8,20.3,7.5,4,15.3,21.3,102.6
98,2013,Dallas Mavericks,82,49,33,0.598,241.8,39.6,83.6,0.474,8.8,22.9,0.384,30.8,60.7,0.508,16.8,21.1,0.795,10.2,30.7,40.9,23.6,8.6,4.3,13.5,20,104.8,37.8,81.4,0.464,8.3,23,0.359,29.5,58.4,0.505,18.7,24.6,0.758,11.5,31.3,42.8,22,7.7,3.5,16,19.9,102.4
99,2013,Denver Nuggets,82,36,46,0.439,240.9,38.4,85.9,0.447,8.6,23.9,0.358,29.8,62,0.481,19.1,26.3,0.726,12.3,33.1,45.4,22.4,7.5,5.6,15.9,23,104.4,39.5,86.4,0.457,7.4,21,0.351,32.1,65.4,0.491,20.2,26.4,0.763,11.3,32.5,43.8,22.5,8.5,5.6,14.4,21.7,106.5
100,2013,Golden State Warriors,82,51,31,0.622,241.8,39.5,85.4,0.462,9.4,24.8,0.38,30,60.6,0.496,15.9,21.1,0.753,10.9,34.4,45.3,23.3,7.8,5,15.2,21.8,104.3,36.8,84.4,0.436,6.9,20.2,0.344,29.9,64.2,0.465,18.9,24.7,0.765,10.7,32.6,43.3,20.5,7.9,4.2,15,19.3,99.5
101,2013,Los Angeles Lakers,82,27,55,0.329,240.3,38.3,85.1,0.45,9.4,24.8,0.381,28.8,60.3,0.478,17,22.4,0.757,9.1,32,41,24.5,7.5,5.4,15.1,19.8,103,42,89.6,0.468,8.1,22.5,0.361,33.8,67.2,0.504,17.2,23.7,0.727,13,36,49,25.8,9.6,4.7,14.2,19.3,109.2
102,2013,Miami Heat,82,54,28,0.659,242.4,38.3,76.5,0.501,8.1,22.3,0.364,30.2,54.2,0.558,17.5,23,0.76,7.6,29.2,36.9,22.5,8.9,4.5,14.8,19.5,102.2,36.1,79,0.457,8.5,23.4,0.362,27.6,55.6,0.497,16.8,22.3,0.75,10.8,29.5,40.3,21.4,8.1,3.1,16.7,20.4,97.4
103,2013,Toronto Raptors,82,48,34,0.585,243.4,36.5,81.9,0.445,8.7,23.4,0.372,27.8,58.5,0.475,19.6,25.1,0.782,11.4,31.1,42.5,21.2,7,4.2,14.1,23,101.3,36.1,80.2,0.45,6.9,19.2,0.36,29.1,60.9,0.478,19,25.3,0.752,10.4,30.5,41,21,7.3,4.3,14.9,22.1,98
104,2013,Detroit Pistons,82,29,53,0.354,241.2,38.8,86.9,0.447,6.2,19.3,0.321,32.6,67.6,0.483,17.3,25.7,0.67,14.6,30.8,45.4,20.9,8.4,4.8,14.5,20.3,101,39.1,83.2,0.47,8.3,22.8,0.365,30.8,60.3,0.51,18.1,24,0.756,11.1,31.9,43,24.4,8.2,4.9,15,20.7,104.7
105,2013,Atlanta Hawks,82,38,44,0.463,241.8,37.3,81.6,0.458,9.4,25.8,0.363,28,55.8,0.502,17,21.7,0.781,8.7,31.3,40,24.9,8.3,4,15.3,19.2,101,38.6,83.5,0.462,8,21.9,0.365,30.6,61.6,0.497,16.4,21.9,0.748,10.8,32.8,43.5,23.2,8.2,4.3,15.2,20,101.5
106,2013,Washington Wizards,82,44,38,0.537,244.6,38.7,84.4,0.459,7.9,20.8,0.38,30.9,63.6,0.485,15.3,20.9,0.731,10.8,31.4,42.2,23.3,8.1,4.6,14.7,20.4,100.7,37,80.9,0.458,7.5,21.5,0.347,29.6,59.4,0.498,17.8,23.3,0.765,10.1,32.1,42.2,22.2,7.7,3.9,16,19.5,99.4
107,2013,Sacramento Kings,82,28,54,0.341,241.8,36.9,82.5,0.447,6,18,0.333,30.9,64.5,0.479,20.7,27.3,0.759,12.1,32.4,44.5,18.9,7.2,3.9,15.2,22.5,100.5,37.8,82.1,0.461,8.5,22.4,0.38,29.4,59.8,0.491,19.2,26.1,0.737,9.9,31.3,41.2,23.5,7.8,5.6,13.6,23.1,103.4
108,2013,New Orleans Pelicans,82,34,48,0.415,242.1,37.8,82.5,0.459,5.9,15.9,0.373,31.9,66.6,0.479,18.2,23.6,0.769,11.4,30.3,41.7,21.3,7.9,6.4,13.8,22.6,99.7,37.3,80.1,0.465,8,22.3,0.357,29.3,57.8,0.507,20,26.5,0.752,10.7,31,41.7,22.5,7,6.1,14.5,20.3,102.4
109,2013,Philadelphia 76ers,82,19,63,0.232,242.1,37.9,87.2,0.435,7,22.5,0.312,30.9,64.7,0.477,16.6,23.4,0.71,11.6,31.2,42.7,21.8,9.3,4,16.9,22.5,99.5,40,85.1,0.471,9,24.4,0.37,31,60.7,0.511,20.8,27.6,0.754,11.9,35,46.9,26.1,9,6.8,17,20.6,109.9
110,2013,New York Knicks,82,37,45,0.451,242.1,36.9,82.2,0.449,9.3,24.9,0.372,27.7,57.3,0.482,15.5,20.4,0.761,10.6,29.7,40.3,20,7.7,4.5,13,22.1,98.6,35.8,78.1,0.458,8.7,23.4,0.371,27.1,54.6,0.496,19.1,25,0.765,10.3,31.7,42,19.7,6.3,3.4,14.5,19.6,99.4
111,2013,Brooklyn Nets,82,44,38,0.537,242.4,35.7,77.9,0.459,8.6,23.4,0.369,27.1,54.5,0.497,18.4,24.4,0.753,8.8,29.4,38.1,20.9,8.6,3.8,14.5,21.7,98.5,36.3,79.4,0.458,8.1,22,0.367,28.3,57.4,0.492,18.8,24.7,0.76,11.2,31.6,42.9,21,7.4,4.1,15.8,20.8,99.5
112,2013,Cleveland Cavaliers,82,33,49,0.402,243,37,84.8,0.437,7.1,20,0.356,29.9,64.8,0.461,17,22.7,0.751,12.1,32.1,44.1,21.2,7.1,3.7,14.2,20,98.2,37.8,83.5,0.452,9.3,25.4,0.367,28.4,58.1,0.49,16.6,22,0.757,10.3,32.3,42.5,24.8,7.2,5.6,14,19.5,101.5
113,2013,Charlotte Bobcats,82,43,39,0.524,242.7,36.3,82.1,0.442,6.3,17.9,0.351,30,64.1,0.468,18,24.4,0.737,9.5,33.2,42.7,21.7,6.1,5.1,12.3,18.2,96.9,36.9,83.4,0.442,8.1,22,0.369,28.7,61.4,0.468,15.3,20.1,0.759,9.6,33.7,43.3,21,6.3,5.1,13.3,20.9,97.1
114,2013,Indiana Pacers,82,56,26,0.683,241.2,36,80.2,0.449,6.7,18.8,0.357,29.3,61.4,0.477,18.1,23.3,0.779,10.2,34.5,44.7,20.1,6.7,5.4,15.1,20.4,96.7,34.8,82.7,0.42,6.6,19,0.345,28.2,63.7,0.443,16.3,21.6,0.755,10.4,30.7,41.2,18.6,7.2,4.6,13.7,21.9,92.3
115,2013,Orlando Magic,82,23,59,0.28,243.4,36.9,82.7,0.445,6.9,19.5,0.353,30,63.3,0.474,15.9,20.9,0.763,9.7,32.4,42,21,7.7,4.3,14.9,20.5,96.5,38.1,83.7,0.456,8,21.7,0.371,30.1,62,0.485,17.7,22.9,0.77,10.5,33.5,44,22.5,7.1,5.4,14,18.3,102
116,2013,Boston Celtics,82,25,57,0.305,240.6,36.5,83.9,0.435,7,21.1,0.333,29.5,62.9,0.47,16.2,20.8,0.777,12,30.5,42.5,21,7.1,4.2,15.4,21.3,96.2,37.8,81.4,0.465,6.6,18.9,0.347,31.2,62.5,0.5,18.5,24.3,0.761,10.6,31.7,42.3,22.1,7.4,4.5,14.2,19.1,100.7
117,2013,Memphis Grizzlies,82,50,32,0.61,241.5,38.1,82,0.464,4.9,14,0.353,33.1,68,0.487,15.1,20.3,0.741,11.6,30.8,42.4,21.9,7.7,4.6,13.7,19.1,96.1,35.7,79.3,0.45,7.5,21.1,0.355,28.2,58.2,0.484,15.8,20.6,0.766,9.9,29.3,39.2,19.9,7.2,5,14.2,18.9,94.6
118,2013,Milwaukee Bucks,82,15,67,0.183,242.4,36,82.2,0.438,6.7,18.9,0.353,29.3,63.2,0.464,16.8,22.5,0.747,11.8,29.3,41.1,21.5,6.6,4.9,15.1,20.9,95.5,38.4,82,0.468,8.5,22.3,0.382,29.9,59.7,0.5,18.4,24.5,0.751,11.7,31.8,43.5,22.8,7.8,5,14.1,20.6,103.7
119,2013,Utah Jazz,82,25,57,0.305,241.2,36,81.1,0.444,6.6,19.2,0.344,29.4,61.9,0.474,16.4,22,0.747,11,30.2,41.2,20.3,7,4.5,14.6,20.7,95,38.3,81,0.473,7.3,19.4,0.376,31,61.6,0.503,18.3,23.7,0.773,10.3,32.2,42.5,21.8,7.5,4.9,12.6,20.4,102.2
120,2013,Chicago Bulls,82,48,34,0.585,243,34.7,80.2,0.432,6.2,17.8,0.348,28.5,62.4,0.456,18.1,23.3,0.779,11.4,32.7,44.1,22.7,7.2,5.2,14.9,19.1,93.7,35,81.2,0.43,6.6,18.7,0.351,28.4,62.5,0.454,15.3,20.3,0.753,10.7,30.6,41.3,19.6,7.6,6,14.4,20.9,91.8
121,2012,Denver Nuggets,82,57,25,0.695,242.7,40.7,85.2,0.478,6.4,18.5,0.343,34.4,66.6,0.516,18.4,26.2,0.701,13.3,31.7,45,24.4,9.3,6.5,15.3,20.5,106.1,38.1,85.7,0.444,8.4,23.1,0.363,29.7,62.6,0.474,16.6,22.7,0.731,12.4,29.2,41.6,23.6,8,6.8,15.9,21.6,101.1
122,2012,Houston Rockets,82,45,37,0.549,241.2,38.1,82.7,0.461,10.6,28.9,0.366,27.5,53.8,0.511,19.2,25.5,0.754,11.1,32.3,43.4,23.2,8.3,4.4,16.4,20.3,106,38.8,85.5,0.454,8.1,21.9,0.368,30.8,63.5,0.484,16.8,21.6,0.776,10.7,31,41.6,22.7,8.5,6.1,14.8,20.4,102.5
123,2012,Oklahoma City Thunder,82,60,22,0.732,241.8,38.1,79.3,0.481,7.3,19.4,0.377,30.8,60,0.514,22.2,26.8,0.828,10.4,33.2,43.6,21.4,8.3,7.6,15.3,20.2,105.7,36.2,85,0.425,7.4,21.5,0.346,28.7,63.5,0.452,16.7,21.6,0.774,12,28.7,40.7,20.5,8.2,3.9,14.8,20.7,96.5
124,2012,San Antonio Spurs,82,58,24,0.707,242.4,39.1,81.4,0.481,8.1,21.5,0.376,31.1,59.9,0.519,16.6,21,0.791,8.1,33.2,41.3,25.1,8.5,5.4,14.7,17.4,103,37.5,84.9,0.442,6.3,17.9,0.353,31.2,66.9,0.466,15.2,20,0.76,11.1,31.4,42.5,21.4,8.2,4.9,14.9,19.1,96.6
125,2012,Miami Heat,82,66,16,0.805,242.4,38.4,77.4,0.496,8.7,22.1,0.396,29.6,55.4,0.536,17.4,23,0.754,8.2,30.4,38.6,23,8.7,5.4,13.9,18.7,102.9,35.6,80.9,0.44,7.6,21.7,0.35,28,59.1,0.473,16.2,21.2,0.766,11.2,28.9,40.1,20.2,7.9,3.2,15.6,20.4,95
126,2012,Los Angeles Lakers,82,45,37,0.549,240.9,37.1,81,0.458,8.7,24.6,0.355,28.4,56.4,0.503,19.3,27.9,0.692,11.5,33.3,44.8,22.2,7,5.2,15,17.9,102.2,39.7,87.6,0.453,7.5,21,0.357,32.2,66.6,0.483,14.2,19.4,0.732,11.5,31.1,42.7,23.4,8.5,4.8,12.9,23.1,101
127,2012,Golden State Warriors,82,47,35,0.573,241.5,38.2,83.4,0.458,8,19.9,0.403,30.1,63.5,0.475,16.8,21.3,0.79,10.8,34.2,45,22.5,6.9,4.2,15.1,21.4,101.2,37.2,84.8,0.439,8,23.1,0.347,29.2,61.7,0.473,17.9,23.9,0.748,11.1,31.7,42.7,23.5,8.2,4.9,13.5,19.2,100.3
128,2012,Dallas Mavericks,82,41,41,0.5,243.7,38.8,84,0.462,7.4,19.9,0.372,31.4,64.2,0.489,16.1,20.4,0.793,9.4,32.6,41.9,23.2,7.9,5.5,14,20.7,101.1,37.4,84,0.445,7.8,21.8,0.359,29.6,62.2,0.475,19.1,25.4,0.753,12,33.6,45.6,22,8.5,4.1,14.7,18.9,101.7
129,2012,Los Angeles Clippers,82,56,26,0.683,240.6,38.5,80.6,0.478,7.6,21.4,0.358,30.9,59.2,0.522,16.4,23,0.711,11.4,30.2,41.6,23.9,9.6,5.6,14.6,20.9,101.1,34.6,78,0.443,7.6,20.5,0.373,26.9,57.5,0.468,17.9,23.9,0.749,10.9,28.2,39.1,22.1,7.4,4.1,16.1,20.9,94.6
130,2012,Sacramento Kings,82,28,54,0.341,241.8,37.6,84.2,0.447,7.4,20.5,0.363,30.2,63.7,0.474,17.5,22.8,0.769,11.5,29.1,40.6,20.8,8.2,4.2,14.6,20.9,100.2,39.3,83.3,0.472,7.6,21.5,0.355,31.7,61.8,0.512,18.9,24.1,0.783,11.9,31.7,43.6,25.1,7.6,6.3,14.7,20,105.1
131,2012,New York Knicks,82,54,28,0.659,240.6,36.5,81.6,0.448,10.9,28.9,0.376,25.7,52.7,0.487,16,21.1,0.759,10.9,29.7,40.6,19.3,8.2,3.6,12,20.1,100,35.6,77.6,0.458,7.8,21.8,0.357,27.8,55.8,0.498,16.8,22.2,0.757,10,31.6,41.6,19.3,6.4,4,15.1,19.2,95.7
132,2012,Milwaukee Bucks,82,38,44,0.463,241.8,38.1,87.8,0.435,7.3,20.4,0.36,30.8,67.4,0.457,15.3,20.7,0.736,13,30.9,44,22.9,8.4,6.7,14.1,19,98.9,38.4,84.7,0.454,6.5,18.5,0.348,32,66.2,0.483,17,22.5,0.759,12.4,33.6,46,23.1,8,4.4,16,19.1,100.4
133,2012,Utah Jazz,82,43,39,0.524,242.4,37.1,81.8,0.454,6.2,16.9,0.366,31,64.9,0.477,17.5,23,0.764,12.1,30,42,22.7,8.4,6.3,14.8,21.3,98,36.6,79.9,0.458,6.8,18.5,0.37,29.8,61.4,0.485,18,23.8,0.757,11,29.8,40.8,20.6,7.8,5.9,14.7,20.4,98.1
134,2012,Atlanta Hawks,82,44,38,0.537,242.1,37.6,81,0.464,8.6,23.2,0.371,29,57.8,0.501,14.1,19.7,0.715,9.2,31.6,40.9,24.5,8.1,4.5,14.9,18,98,37.5,83.2,0.45,7.6,19.9,0.379,29.9,63.3,0.473,15,19.7,0.763,11.3,32.4,43.7,22.3,8.4,4.3,15.2,18.8,97.5
135,2012,Portland Trail Blazers,82,33,49,0.402,242.1,36.7,81.9,0.448,8.2,23.2,0.353,28.5,58.7,0.486,15.9,20.5,0.776,10.7,30.2,40.8,21.8,6.6,4.3,14.7,18.5,97.5,39.3,83,0.474,6.4,18.7,0.34,33,64.3,0.512,15.7,20.6,0.761,11,31.4,42.4,23.7,8.4,4.4,13.1,18.7,100.7
136,2012,Toronto Raptors,82,34,48,0.415,243.7,36.3,81.5,0.446,7,20.3,0.343,29.4,61.2,0.48,17.6,22.3,0.788,10.6,29.6,40.2,21.5,7.3,4.8,13.7,22.4,97.2,36.2,79.2,0.458,6.7,18.4,0.361,29.6,60.8,0.487,19.6,26.2,0.747,10.7,31,41.7,21.9,7,4.7,14.3,20.1,98.7
137,2012,Brooklyn Nets,82,49,33,0.598,242.1,35.9,79.8,0.45,7.7,21.5,0.357,28.2,58.3,0.484,17.5,23.9,0.731,12.8,30,42.8,20.3,7.3,4.8,14.7,18.3,96.9,37.4,80.7,0.464,6.3,17.3,0.366,31.1,63.4,0.49,14,19.2,0.731,10.7,28.5,39.2,21.4,7.5,4.8,13.4,21.4,95.1
138,2012,Cleveland Cavaliers,82,24,58,0.293,240.6,36.5,84.2,0.434,6.7,19.3,0.346,29.8,64.9,0.46,16.8,22.3,0.756,12.2,28.8,41,20.7,7.9,4.1,14,21.2,96.5,37.9,79.6,0.476,7.4,20,0.372,30.5,59.6,0.511,17.9,24.2,0.739,10.8,31.3,42.1,23.9,7.6,6.8,15.2,19.7,101.2
139,2012,Minnesota Timberwolves,82,31,51,0.378,240.6,35.9,81.7,0.439,5.5,18,0.305,30.4,63.7,0.477,18.5,24.9,0.742,11.9,30.2,42,22.4,8.5,4.7,14.8,18.4,95.7,38,81.2,0.468,7,19,0.369,30.9,62.2,0.498,15.2,20.1,0.752,10.6,31.5,42.1,22.3,8.1,5.9,15.9,22.5,98.1
140,2012,Boston Celtics,81,41,40,0.506,244.9,37,79.7,0.465,6.1,17.2,0.358,30.9,62.6,0.494,16.3,21,0.776,8.1,31.3,39.3,22.8,8.2,4.5,14.6,21.2,96.5,36.1,82,0.441,6.8,19.9,0.342,29.3,62.1,0.472,17.7,23.9,0.74,11.4,32.1,43.6,21.6,7.8,4.7,15.3,19.4,96.7
141,2012,Phoenix Suns,82,25,57,0.305,241.5,37.3,84.4,0.443,5.9,17.7,0.33,31.5,66.6,0.473,14.7,19.7,0.744,11.7,29.9,41.6,22.6,8,5.3,15.6,20.6,95.2,38.8,82.6,0.47,6.9,17.9,0.388,31.9,64.7,0.492,17.1,22.6,0.757,11.7,31.7,43.4,22.8,8.3,5.1,15.3,18.4,101.6
142,2012,Detroit Pistons,82,29,53,0.354,241.5,36.3,81,0.449,6.3,17.6,0.356,30.1,63.4,0.474,15.9,22.8,0.699,12.1,30,42.1,21.2,7,4.9,15.1,19.8,94.9,37.3,81.2,0.459,7.4,20.4,0.36,29.9,60.7,0.492,16.9,22.2,0.762,11.1,30.7,41.8,22.4,8.4,5.8,13.7,19.9,98.8
143,2012,Orlando Magic,82,20,62,0.244,241.2,37.7,84.2,0.448,6.2,18.7,0.329,31.5,65.5,0.482,12.5,16.6,0.755,10.9,31.9,42.7,22.8,6.4,4.4,14.5,19.4,94.1,38.6,83.4,0.463,7.5,21,0.359,31.1,62.5,0.498,16.3,22.1,0.738,10.8,31.9,42.8,23.7,7.2,5.2,12.4,16.5,101.1
144,2012,New Orleans Hornets,82,27,55,0.329,241.2,36,80.4,0.448,6.5,18,0.363,29.5,62.4,0.473,15.5,20,0.776,12,29.6,41.6,21,6.3,5.4,14.5,20.4,94.1,37,78.5,0.471,7.7,20.6,0.374,29.2,57.9,0.505,16.3,21.5,0.759,10.2,29.2,39.3,23.4,7.9,6,13.2,18.7,97.9
145,2012,Indiana Pacers,81,49,32,0.605,241.9,35.1,80.6,0.436,6.9,19.7,0.347,28.3,60.8,0.465,17.6,23.6,0.746,12.9,33,45.9,20.3,7.2,6.3,15.1,20,94.7,34.5,82.2,0.42,5.4,16.6,0.327,29.1,65.6,0.444,16.2,21.3,0.76,11.2,29.6,40.9,19.2,7.5,5.7,13.5,21.9,90.7
146,2012,Charlotte Bobcats,82,21,61,0.256,241.5,34.4,81.1,0.425,5.7,17.1,0.335,28.7,64,0.448,18.9,25.1,0.75,11.2,29.1,40.3,19.4,7.2,5.8,14.1,19,93.4,38.8,82.5,0.471,8.7,22.5,0.388,30.1,59.9,0.502,16.2,21.8,0.747,11.8,32.3,44.1,25.3,6.9,6.9,14,21.3,102.7
147,2012,Memphis Grizzlies,82,56,26,0.683,241.5,36.1,81.5,0.444,4.7,13.5,0.345,31.5,68,0.463,16.5,21.3,0.773,12.9,29.8,42.7,20.9,8.6,5.3,14,20.2,93.4,33.5,77,0.435,6.1,18.2,0.338,27.4,58.8,0.465,16.1,21.5,0.748,10.3,28.8,39.1,19.5,7.3,5.5,15.5,20,89.3
148,2012,Washington Wizards,82,29,53,0.354,242.1,35.5,81.6,0.435,6.6,18.2,0.365,28.8,63.4,0.455,15.6,21.3,0.733,10.8,32.3,43.2,21.6,7.3,4.6,15.1,20.5,93.2,35.9,81.7,0.44,7.1,20.5,0.349,28.8,61.2,0.47,16.8,22.8,0.738,11,33.2,44.2,21.5,7.8,4.4,14.5,19.1,95.8
149,2012,Chicago Bulls,82,45,37,0.549,241.8,35.7,81.7,0.437,5.4,15.4,0.353,30.2,66.3,0.456,16.4,21.2,0.773,12.5,30.7,43.2,23,7.2,5.1,14.3,19.7,93.2,35.4,80.1,0.443,5.5,16,0.346,29.9,64.1,0.467,16.5,22.3,0.739,11,30.1,41.1,18.8,7.3,5.8,13.7,19.6,92.9
150,2012,Philadelphia 76ers,82,34,48,0.415,240.9,37.3,84.1,0.444,6.3,17.5,0.36,31,66.5,0.466,12.2,16.8,0.729,10.9,30.4,41.3,22.8,7.4,4.7,13,18.4,93.2,36.8,81,0.454,6.7,19.2,0.349,30.1,61.8,0.487,16.2,21.4,0.76,11,33,44,22.8,7.2,4.8,14.3,16.2,96.5